<?xml version="1.0" encoding="UTF-8"?>
<module rename-to='digestbottygadget'>
	<!-- Inherit the core Web Toolkit stuff.                        -->
	<inherits name='com.google.gwt.user.User' />

	<!-- Inherit the default GWT style sheet.  You can change       -->
	<!-- the theme of your GWT application by uncommenting          -->
	<!-- any one of the following lines.                            -->
	<inherits name='com.google.gwt.user.theme.standard.Standard' />
	<!-- <inherits name='com.google.gwt.user.theme.chrome.Chrome'/> -->
	<!-- <inherits name='com.google.gwt.user.theme.dark.Dark'/>     -->

	<!-- Other module inherits                                      -->
	<inherits name="com.google.gwt.inject.Inject" />
	<inherits name="com.google.gwt.i18n.I18N" />
	<inherits name="com.google.gwt.http.HTTP" />
	<inherits name="com.google.gwt.json.JSON" />
	<inherits name="com.google.gwt.gadgets.Gadgets" />
	<inherits name='org.cobogw.gwt.waveapi.gadget.WaveGadget' />
	<inherits name='com.google.gwt.visualization.Visualization'/>
	<inherits name='com.vegalabs.features.VegaWaveFeatures' />
	<inherits name="com.allen_sauer.gwt.log.gwt-log-DEBUG" /> 

	<!-- Specify the app entry point class.                         -->
	<entry-point class='com.aggfi.digest.client.DigestBottyGadget' />

	<!-- Specify the paths for translatable code                    -->
	<source path='client' />
	<source path='shared' />
<!--	<set-property name="user.agent" value="gecko" />-->
</module>
